{
  "project_info": {
    "project_number": "1048071252142",
    "project_id": "dmsimple-ce745",
    "storage_bucket": "dmsimple-ce745.appspot.com"
  },
  "client": [
    {
      "client_info": {
        "mobilesdk_app_id": "1:1048071252142:android:8ba5ca0c6ff11708e7253f",
        "android_client_info": {
          "package_name": "com.example.dmsimple"
        }
      },
      "oauth_client": [
        {
          "client_id": "1048071252142-r16uaob1j6ti72b3sgf3lav0ea148rp6.apps.googleusercontent.com",
          "client_type": 1,
          "android_info": {
            "package_name": "com.example.dmsimple",
            "certificate_hash": "10f3b7f9d88b78910218000067d1f37234f0c02a"
          }
        },
        {
          "client_id": "1048071252142-7m6ln9dvvrkdbae9kghlj86sbs4ff8vu.apps.googleusercontent.com",
          "client_type": 3
        }
      ],
      "api_key": [
        {
          "current_key": "AIzaSyDLmAdtMQqwD8qQSky4TwbxxpOV9Gp2r1I"
        }
      ],
      "services": {
        "appinvite_service": {
          "other_platform_oauth_client": [
            {
              "client_id": "1048071252142-7m6ln9dvvrkdbae9kghlj86sbs4ff8vu.apps.googleusercontent.com",
              "client_type": 3
            }
          ]
        }
      }
    },
    {
      "client_info": {
        "mobilesdk_app_id": "1:1048071252142:android:ccce3d34f731fd40e7253f",
        "android_client_info": {
          "package_name": "com.example.dmsimplelogin"
        }
      },
      "oauth_client": [
        {
          "client_id": "1048071252142-34emdt9vdee3kgfq13a8bn0pbiji3e5b.apps.googleusercontent.com",
          "client_type": 1,
          "android_info": {
            "package_name": "com.example.dmsimplelogin",
            "certificate_hash": "8223fcabb72b35846e4785e1b0a68ef90ce85ec3"
          }
        },
        {
          "client_id": "1048071252142-7m6ln9dvvrkdbae9kghlj86sbs4ff8vu.apps.googleusercontent.com",
          "client_type": 3
        }
      ],
      "api_key": [
        {
          "current_key": "AIzaSyDLmAdtMQqwD8qQSky4TwbxxpOV9Gp2r1I"
        }
      ],
      "services": {
        "appinvite_service": {
          "other_platform_oauth_client": [
            {
              "client_id": "1048071252142-7m6ln9dvvrkdbae9kghlj86sbs4ff8vu.apps.googleusercontent.com",
              "client_type": 3
            }
          ]
        }
      }
    }
  ],
  "configuration_version": "1"
}